Workbook

Sheet Data Titik
A1: Kode | B1: Latitude | C1: Longitude
A2: Depot | B2: 3.546833 | C2: 98.64571
A3: P1 | B3: 3.562642 | C3: 98.67473
A4: P2 | B4: 3.5746626 | C4: 98.650754
A5: P3 | B5: 3.5513528 | C5: 98.722313
A6: P4 | B6: 3.5513528 | C6: 98.722313
A7: P5 | B7: 3.562642 | C7: 98.67473
A8: P6 | B8: 3.7199367 | C8: 98.6936
A9: P7 | B9: 3.6277385 | C9: 98.714916
A10: P8 | B10: 3.6916951 | C10: 98.741484
A11: P9 | B11: 3.6569211 | C11: 98.675825
A12: P10 | B12: 3.6025909 | C12: 98.650349
A13: P11 | B13: 3.6096924 | C13: 98.681078
... A17: P15 | B17: 3.6507195 | C17: 98.672106

Sheet Matriks Jarak
B1: Depot | C1: P1 | D1: P2 | E1: P3 | F1: P4 | G1: P5 | H1: P6 | I1: P7 | J1: P8 | K1: P9 | L1: P10 | M1: P11 | N1: P12 | O1: P13 | P1: P14 | Q1: P15
A2: Depot | B2: =6371*2*ASIN(SQRT(SIN(RADIANS(('Data Titik'!$B$2-'Data Titik'!$B$2)/2))^2 + COS(RADIANS('Data Titik'!$B$2))*COS(RADIANS('Data Titik'!$B$2))*SIN(RADIANS(('Data Titik'!$C$2-'Data Titik'!$C$2)/2))^2)) -> 0 | C2: =6371*2*ASIN(SQRT(SIN(RADIANS(('Data Titik'!$B$3-'Data Titik'!$B$2)/2))^2 + COS(RADIANS('Data Titik'!$B$2))*COS(RADIANS('Data Titik'!$B$3))*SIN(RADIANS(('Data Titik'!$C$3-'Data Titik'!$C$2)/2))^2)) -> 3.6691852 | D2: =6371*2*ASIN(SQRT(SIN(RADIANS(('Data Titik'!$B$4-'Data Titik'!$B$2)/2))^2 + COS(RADIANS('Data Titik'!$B$2))*COS(RADIANS('Data Titik'!$B$4))*SIN(RADIANS(('Data Titik'!$C$4-'Data Titik'!$C$2)/2))^2)) -> 3.144742 | E2: =6371*2*ASIN(SQRT(SIN(RADIANS(('Data Titik'!$B$5-'Data Titik'!$B$2)/2))^2 + COS(RADIANS('Data Titik'!$B$2))*COS(RADIANS('Data Titik'!$B$5))*SIN(RADIANS(('Data Titik'!$C$5-'Data Titik'!$C$2)/2))^2)) -> 8.5163268 | F2: =6371*2*ASIN(SQRT(SIN(RADIANS(('Data Titik'!$B$6-'Data Titik'!$B$2)/2))^2 + COS(RADIANS('Data Titik'!$B$2))*COS(RADIANS('Data Titik'!$B$6))*SIN(RADIANS(('Data Titik'!$C$6-'Data Titik'!$C$2)/2))^2)) -> 8.5163268 | G2: =6371*2*ASIN(SQRT(SIN(RADIANS(('Data Titik'!$B$7-'Data Titik'!$B$2)/2))^2 + COS(RADIANS('Data Titik'!$B$2))*COS(RADIANS('Data Titik'!$B$7))*SIN(RADIANS(('Data Titik'!$C$7-'Data Titik'!$C$2)/2))^2)) -> 3.6691852 | H2: =6371*2*ASIN(SQRT(SIN(RADIANS(('Data Titik'!$B$8-'Data Titik'!$B$2)/2))^2 + COS(RADIANS('Data Titik'!$B$2))*COS(RADIANS('Data Titik'!$B$8))*SIN(RADIANS(('Data Titik'!$C$8-'Data Titik'!$C$2)/2))^2)) -> 19.968445 | I2: =6371*2*ASIN(SQRT(SIN(RADIANS(('Data Titik'!$B$9-'Data Titik'!$B$2)/2))^2 + COS(RADIANS('Data Titik'!$B$2))*COS(RADIANS('Data Titik'!$B$9))*SIN(RADIANS(('Data Titik'!$C$9-'Data Titik'!$C$2)/2))^2)) -> 11.828775 | J2: =6371*2*ASIN(SQRT(SIN(RADIANS(('Data Titik'!$B$10-'Data Titik'!$B$2)/2))^2 + COS(RADIANS('Data Titik'!$B$2))*COS(RADIANS('Data Titik'!$B$10))*SIN(RADIANS(('Data Titik'!$C$10-'Data Titik'!$C$2)/2))^2)) -> 19.298375 | K2: =6371*2*ASIN(SQRT(SIN(RADIANS(('Data Titik'!$B$11-'Data Titik'!$B$2)/2))^2 + COS(RADIANS('Data Titik'!$B$2))*COS(RADIANS('Data Titik'!$B$11))*SIN(RADIANS(('Data Titik'!$C$11-'Data Titik'!$C$2)/2))^2)) -> 12.689248 | L2: =6371*2*ASIN(SQRT(SIN(RADIANS(('Data Titik'!$B$12-'Data Titik'!$B$2)/2))^2 + COS(RADIANS('Data Titik'!$B$2))*COS(RADIANS('Data Titik'!$B$12))*SIN(RADIANS(('Data Titik'!$C$12-'Data Titik'!$C$2)/2))^2)) -> 6.2213339 | M2: =6371*2*ASIN(SQRT(SIN(RADIANS(('Data Titik'!$B$13-'Data Titik'!$B$2)/2))^2 + COS(RADIANS('Data Titik'!$B$2))*COS(RADIANS('Data Titik'!$B$13))*SIN(RADIANS(('Data Titik'!$C$13-'Data Titik'!$C$2)/2))^2)) -> 8.0162918 | N2: =6371*2*ASIN(SQRT(SIN(RADIANS(('Data Titik'!$B$14-'Data Titik'!$B$2)/2))^2 + COS(RADIANS('Data Titik'!$B$2))*COS(RADIANS('Data Titik'!$B$14))*SIN(RADIANS(('Data Titik'!$C$14-'Data Titik'!$C$2)/2))^2)) -> 7.1874175 | O2: =6371*2*ASIN(SQRT(SIN(RADIANS(('Data Titik'!$B$15-'Data Titik'!$B$2)/2))^2 + COS(RADIANS('Data Titik'!$B$2))*COS(RADIANS('Data Titik'!$B$15))*SIN(RADIANS(('Data Titik'!$C$15-'Data Titik'!$C$2)/2))^2)) -> 12.446813 | P2: =6371*2*ASIN(SQRT(SIN(RADIANS(('Data Titik'!$B$16-'Data Titik'!$B$2)/2))^2 + COS(RADIANS('Data Titik'!$B$2))*COS(RADIANS('Data Titik'!$B$16))*SIN(RADIANS(('Data Titik'!$C$16-'Data Titik'!$C$2)/2))^2)) -> 11.917279 | Q2: =6371*2*ASIN(SQRT(SIN(RADIANS(('Data Titik'!$B$17-'Data Titik'!$B$2)/2))^2 + COS(RADIANS('Data Titik'!$B$2))*COS(RADIANS('Data Titik'!$B$17))*SIN(RADIANS(('Data Titik'!$C$17-'Data Titik'!$C$2)/2))^2)) -> 11.917279
A3: P1 | B3: =6371*2*ASIN(SQRT(SIN(RADIANS(('Data Titik'!$B$2-'Data Titik'!$B$3)/2))^2 + COS(RADIANS('Data Titik'!$B$3))*COS(RADIANS('Data Titik'!$B$2))*SIN(RADIANS(('Data Titik'!$C$2-'Data Titik'!$C$3)/2))^2)) -> 3.6691852 | C3: =6371*2*ASIN(SQRT(SIN(RADIANS(('Data Titik'!$B$3-'Data Titik'!$B$3)/2))^2 + COS(RADIANS('Data Titik'!$B$3))*COS(RADIANS('Data Titik'!$B$3))*SIN(RADIANS(('Data Titik'!$C$3-'Data Titik'!$C$3)/2))^2)) -> 0 | D3: =6371*2*ASIN(SQRT(SIN(RADIANS(('Data Titik'!$B$4-'Data Titik'!$B$3)/2))^2 + COS(RADIANS('Data Titik'!$B$3))*COS(RADIANS('Data Titik'!$B$4))*SIN(RADIANS(('Data Titik'!$C$4-'Data Titik'!$C$3)/2))^2)) -> 2.9776621 | E3: =6371*2*ASIN(SQRT(SIN(RADIANS(('Data Titik'!$B$5-'Data Titik'!$B$3)/2))^2 + COS(RADIANS('Data Titik'!$B$3))*COS(RADIANS('Data Titik'!$B$5))*SIN(RADIANS(('Data Titik'!$C$5-'Data Titik'!$C$3)/2))^2)) -> 5.4278907 | F3: =6371*2*ASIN(SQRT(SIN(RADIANS(('Data Titik'!$B$6-'Data Titik'!$B$3)/2))^2 + COS(RADIANS('Data Titik'!$B$3))*COS(RADIANS('Data Titik'!$B$6))*SIN(RADIANS(('Data Titik'!$C$6-'Data Titik'!$C$3)/2))^2)) -> 5.4278907 | G3: =6371*2*ASIN(SQRT(SIN(RADIANS(('Data Titik'!$B$7-'Data Titik'!$B$3)/2))^2 + COS(RADIANS('Data Titik'!$B$3))*COS(RADIANS('Data Titik'!$B$7))*SIN(RADIANS(('Data Titik'!$C$7-'Data Titik'!$C$3)/2))^2)) -> 0 | H3: =6371*2*ASIN(SQRT(SIN(RADIANS(('Data Titik'!$B$8-'Data Titik'!$B$3)/2))^2 + COS(RADIANS('Data Titik'!$B$3))*COS(RADIANS('Data Titik'!$B$8))*SIN(RADIANS(('Data Titik'!$C$8-'Data Titik'!$C$3)/2))^2)) -> 17.615282 | I3: =6371*2*ASIN(SQRT(SIN(RADIANS(('Data Titik'!$B$9-'Data Titik'!$B$3)/2))^2 + COS(RADIANS('Data Titik'!$B$3))*COS(RADIANS('Data Titik'!$B$9))*SIN(RADIANS(('Data Titik'!$C$9-'Data Titik'!$C$3)/2))^2)) -> 8.5019547 | J3: =6371*2*ASIN(SQRT(SIN(RADIANS(('Data Titik'!$B$10-'Data Titik'!$B$3)/2))^2 + COS(RADIANS('Data Titik'!$B$3))*COS(RADIANS('Data Titik'!$B$10))*SIN(RADIANS(('Data Titik'!$C$10-'Data Titik'!$C$3)/2))^2)) -> 16.149302 | K3: =6371*2*ASIN(SQRT(SIN(RADIANS(('Data Titik'!$B$11-'Data Titik'!$B$3)/2))^2 + COS(RADIANS('Data Titik'!$B$3))*COS(RADIANS('Data Titik'!$B$11))*SIN(RADIANS(('Data Titik'!$C$11-'Data Titik'!$C$3)/2))^2)) -> 10.484062 | L3: =6371*2*ASIN(SQRT(SIN(RADIANS(('Data Titik'!$B$12-'Data Titik'!$B$3)/2))^2 + COS(RADIANS('Data Titik'!$B$3))*COS(RADIANS('Data Titik'!$B$12))*SIN(RADIANS(('Data Titik'!$C$12-'Data Titik'!$C$3)/2))^2)) -> 5.2012983 | M3: =6371*2*ASIN(SQRT(SIN(RADIANS(('Data Titik'!$B$13-'Data Titik'!$B$3)/2))^2 + COS(RADIANS('Data Titik'!$B$3))*COS(RADIANS('Data Titik'!$B$13))*SIN(RADIANS(('Data Titik'!$C$13-'Data Titik'!$C$3)/2))^2)) -> 5.2789749 | N3: =6371*2*ASIN(SQRT(SIN(RADIANS(('Data Titik'!$B$14-'Data Titik'!$B$3)/2))^2 + COS(RADIANS('Data Titik'!$B$3))*COS(RADIANS('Data Titik'!$B$14))*SIN(RADIANS(('Data Titik'!$C$14-'Data Titik'!$C$3)/2))^2)) -> 4.2027514 | O3: =6371*2*ASIN(SQRT(SIN(RADIANS(('Data Titik'!$B$15-'Data Titik'!$B$3)/2))^2 + COS(RADIANS('Data Titik'!$B$3))*COS(RADIANS('Data Titik'!$B$15))*SIN(RADIANS(('Data Titik'!$C$15-'Data Titik'!$C$3)/2))^2)) -> 8.9592005 | P3: =6371*2*ASIN(SQRT(SIN(RADIANS(('Data Titik'!$B$16-'Data Titik'!$B$3)/2))^2 + COS(RADIANS('Data Titik'!$B$3))*COS(RADIANS('Data Titik'!$B$16))*SIN(RADIANS(('Data Titik'!$C$16-'Data Titik'!$C$3)/2))^2)) -> 9.7980996 | Q3: =6371*2*ASIN(SQRT(SIN(RADIANS(('Data Titik'!$B$17-'Data Titik'!$B$3)/2))^2 + COS(RADIANS('Data Titik'!$B$3))*COS(RADIANS('Data Titik'!$B$17))*SIN(RADIANS(('Data Titik'!$C$17-'Data Titik'!$C$3)/2))^2)) -> 9.7980996
A4: P2 | B4: =6371*2*ASIN(SQRT(SIN(RADIANS(('Data Titik'!$B$2-'Data Titik'!$B$4)/2))^2 + COS(RADIANS('Data Titik'!$B$4))*COS(RADIANS('Data Titik'!$B$2))*SIN(RADIANS(('Data Titik'!$C$2-'Data Titik'!$C$4)/2))^2)) -> 3.144742 | C4: =6371*2*ASIN(SQRT(SIN(RADIANS(('Data Titik'!$B$3-'Data Titik'!$B$4)/2))^2 + COS(RADIANS('Data Titik'!$B$4))*COS(RADIANS('Data Titik'!$B$3))*SIN(RADIANS(('Data Titik'!$C$3-'Data Titik'!$C$4)/2))^2)) -> 2.9776621 | D4: =6371*2*ASIN(SQRT(SIN(RADIANS(('Data Titik'!$B$4-'Data Titik'!$B$4)/2))^2 + COS(RADIANS('Data Titik'!$B$4))*COS(RADIANS('Data Titik'!$B$4))*SIN(RADIANS(('Data Titik'!$C$4-'Data Titik'!$C$4)/2))^2)) -> 0 | E4: =6371*2*ASIN(SQRT(SIN(RADIANS(('Data Titik'!$B$5-'Data Titik'!$B$4)/2))^2 + COS(RADIANS('Data Titik'!$B$4))*COS(RADIANS('Data Titik'!$B$5))*SIN(RADIANS(('Data Titik'!$C$5-'Data Titik'!$C$4)/2))^2)) -> 8.3538006 | F4: =6371*2*ASIN(SQRT(SIN(RADIANS(('Data Titik'!$B$6-'Data Titik'!$B$4)/2))^2 + COS(RADIANS('Data Titik'!$B$4))*COS(RADIANS('Data Titik'!$B$6))*SIN(RADIANS(('Data Titik'!$C$6-'Data Titik'!$C$4)/2))^2)) -> 8.3538006 | G4: =6371*2*ASIN(SQRT(SIN(RADIANS(('Data Titik'!$B$7-'Data Titik'!$B$4)/2))^2 + COS(RADIANS('Data Titik'!$B$4))*COS(RADIANS('Data Titik'!$B$7))*SIN(RADIANS(('Data Titik'!$C$7-'Data Titik'!$C$4)/2))^2)) -> 2.9776621 | H4: =6371*2*ASIN(SQRT(SIN(RADIANS(('Data Titik'!$B$8-'Data Titik'!$B$4)/2))^2 + COS(RADIANS('Data Titik'!$B$4))*COS(RADIANS('Data Titik'!$B$8))*SIN(RADIANS(('Data Titik'!$C$8-'Data Titik'!$C$4)/2))^2)) -> 16.838934 | I4: =6371*2*ASIN(SQRT(SIN(RADIANS(('Data Titik'!$B$9-'Data Titik'!$B$4)/2))^2 + COS(RADIANS('Data Titik'!$B$4))*COS(RADIANS('Data Titik'!$B$9))*SIN(RADIANS(('Data Titik'!$C$9-'Data Titik'!$C$4)/2))^2)) -> 9.248272 | J4: =6371*2*ASIN(SQRT(SIN(RADIANS(('Data Titik'!$B$10-'Data Titik'!$B$4)/2))^2 + COS(RADIANS('Data Titik'!$B$4))*COS(RADIANS('Data Titik'!$B$10))*SIN(RADIANS(('Data Titik'!$C$10-'Data Titik'!$C$4)/2))^2)) -> 16.453628 | K4: =6371*2*ASIN(SQRT(SIN(RADIANS(('Data Titik'!$B$11-'Data Titik'!$B$4)/2))^2 + COS(RADIANS('Data Titik'!$B$4))*COS(RADIANS('Data Titik'!$B$11))*SIN(RADIANS(('Data Titik'!$C$11-'Data Titik'!$C$4)/2))^2)) -> 9.560498 | L4: =6371*2*ASIN(SQRT(SIN(RADIANS(('Data Titik'!$B$12-'Data Titik'!$B$4)/2))^2 + COS(RADIANS('Data Titik'!$B$4))*COS(RADIANS('Data Titik'!$B$12))*SIN(RADIANS(('Data Titik'!$C$12-'Data Titik'!$C$4)/2))^2)) -> 3.1058111 | M4: =6371*2*ASIN(SQRT(SIN(RADIANS(('Data Titik'!$B$13-'Data Titik'!$B$4)/2))^2 + COS(RADIANS('Data Titik'!$B$4))*COS(RADIANS('Data Titik'!$B$13))*SIN(RADIANS(('Data Titik'!$C$13-'Data Titik'!$C$4)/2))^2)) -> 5.1474577 | N4: =6371*2*ASIN(SQRT(SIN(RADIANS(('Data Titik'!$B$14-'Data Titik'!$B$4)/2))^2 + COS(RADIANS('Data Titik'!$B$4))*COS(RADIANS('Data Titik'!$B$14))*SIN(RADIANS(('Data Titik'!$C$14-'Data Titik'!$C$4)/2))^2)) -> 4.5455791 | O4: =6371*2*ASIN(SQRT(SIN(RADIANS(('Data Titik'!$B$15-'Data Titik'!$B$4)/2))^2 + COS(RADIANS('Data Titik'!$B$4))*COS(RADIANS('Data Titik'!$B$15))*SIN(RADIANS(('Data Titik'!$C$15-'Data Titik'!$C$4)/2))^2)) -> 10.068068 | P4: =6371*2*ASIN(SQRT(SIN(RADIANS(('Data Titik'!$B$16-'Data Titik'!$B$4)/2))^2 + COS(RADIANS('Data Titik'!$B$4))*COS(RADIANS('Data Titik'!$B$16))*SIN(RADIANS(('Data Titik'!$C$16-'Data Titik'!$C$4)/2))^2)) -> 8.7828034 | Q4: =6371*2*ASIN(SQRT(SIN(RADIANS(('Data Titik'!$B$17-'Data Titik'!$B$4)/2))^2 + COS(RADIANS('Data Titik'!$B$4))*COS(RADIANS('Data Titik'!$B$17))*SIN(RADIANS(('Data Titik'!$C$17-'Data Titik'!$C$4)/2))^2)) -> 8.7828034
A5: P3 | B5: =6371*2*ASIN(SQRT(SIN(RADIANS(('Data Titik'!$B$2-'Data Titik'!$B$5)/2))^2 + COS(RADIANS('Data Titik'!$B$5))*COS(RADIANS('Data Titik'!$B$2))*SIN(RADIANS(('Data Titik'!$C$2-'Data Titik'!$C$5)/2))^2)) -> 8.5163268 | C5: =6371*2*ASIN(SQRT(SIN(RADIANS(('Data Titik'!$B$3-'Data Titik'!$B$5)/2))^2 + COS(RADIANS('Data Titik'!$B$5))*COS(RADIANS('Data Titik'!$B$3))*SIN(RADIANS(('Data Titik'!$C$3-'Data Titik'!$C$5)/2))^2)) -> 5.4278907 | D5: =6371*2*ASIN(SQRT(SIN(RADIANS(('Data Titik'!$B$4-'Data Titik'!$B$5)/2))^2 + COS(RADIANS('Data Titik'!$B$5))*COS(RADIANS('Data Titik'!$B$4))*SIN(RADIANS(('Data Titik'!$C$4-'Data Titik'!$C$5)/2))^2)) -> 8.3538006 | E5: =6371*2*ASIN(SQRT(SIN(RADIANS(('Data Titik'!$B$5-'Data Titik'!$B$5)/2))^2 + COS(RADIANS('Data Titik'!$B$5))*COS(RADIANS('Data Titik'!$B$5))*SIN(RADIANS(('Data Titik'!$C$5-'Data Titik'!$C$5)/2))^2)) -> 0 | F5: =6371*2*ASIN(SQRT(SIN(RADIANS(('Data Titik'!$B$6-'Data Titik'!$B$5)/2))^2 + COS(RADIANS('Data Titik'!$B$5))*COS(RADIANS('Data Titik'!$B$6))*SIN(RADIANS(('Data Titik'!$C$6-'Data Titik'!$C$5)/2))^2)) -> 0 | G5: =6371*2*ASIN(SQRT(SIN(RADIANS(('Data Titik'!$B$7-'Data Titik'!$B$5)/2))^2 + COS(RADIANS('Data Titik'!$B$5))*COS(RADIANS('Data Titik'!$B$7))*SIN(RADIANS(('Data Titik'!$C$7-'Data Titik'!$C$5)/2))^2)) -> 5.4278907 | H5: =6371*2*ASIN(SQRT(SIN(RADIANS(('Data Titik'!$B$8-'Data Titik'!$B$5)/2))^2 + COS(RADIANS('Data Titik'!$B$5))*COS(RADIANS('Data Titik'!$B$8))*SIN(RADIANS(('Data Titik'!$C$8-'Data Titik'!$C$5)/2))^2)) -> 19.01453 | I5: =6371*2*ASIN(SQRT(SIN(RADIANS(('Data Titik'!$B$9-'Data Titik'!$B$5)/2))^2 + COS(RADIANS('Data Titik'!$B$5))*COS(RADIANS('Data Titik'!$B$9))*SIN(RADIANS(('Data Titik'!$C$9-'Data Titik'!$C$5)/2))^2)) -> 8.5332735 | J5: =6371*2*ASIN(SQRT(SIN(RADIANS(('Data Titik'!$B$10-'Data Titik'!$B$5)/2))^2 + COS(RADIANS('Data Titik'!$B$5))*COS(RADIANS('Data Titik'!$B$10))*SIN(RADIANS(('Data Titik'!$C$10-'Data Titik'!$C$5)/2))^2)) -> 15.749709 | K5: =6371*2*ASIN(SQRT(SIN(RADIANS(('Data Titik'!$B$11-'Data Titik'!$B$5)/2))^2 + COS(RADIANS('Data Titik'!$B$5))*COS(RADIANS('Data Titik'!$B$11))*SIN(RADIANS(('Data Titik'!$C$11-'Data Titik'!$C$5)/2))^2)) -> 12.822285 | L5: =6371*2*ASIN(SQRT(SIN(RADIANS(('Data Titik'!$B$12-'Data Titik'!$B$5)/2))^2 + COS(RADIANS('Data Titik'!$B$5))*COS(RADIANS('Data Titik'!$B$12))*SIN(RADIANS(('Data Titik'!$C$12-'Data Titik'!$C$5)/2))^2)) -> 9.8103575 | M5: =6371*2*ASIN(SQRT(SIN(RADIANS(('Data Titik'!$B$13-'Data Titik'!$B$5)/2))^2 + COS(RADIANS('Data Titik'!$B$5))*COS(RADIANS('Data Titik'!$B$13))*SIN(RADIANS(('Data Titik'!$C$13-'Data Titik'!$C$5)/2))^2)) -> 7.9387343 | N5: =6371*2*ASIN(SQRT(SIN(RADIANS(('Data Titik'!$B$14-'Data Titik'!$B$5)/2))^2 + COS(RADIANS('Data Titik'!$B$5))*COS(RADIANS('Data Titik'!$B$14))*SIN(RADIANS(('Data Titik'!$C$14-'Data Titik'!$C$5)/2))^2)) -> 6.8795429 | O5: =6371*2*ASIN(SQRT(SIN(RADIANS(('Data Titik'!$B$15-'Data Titik'!$B$5)/2))^2 + COS(RADIANS('Data Titik'!$B$5))*COS(RADIANS('Data Titik'!$B$15))*SIN(RADIANS(('Data Titik'!$C$15-'Data Titik'!$C$5)/2))^2)) -> 8.1392242 | P5: =6371*2*ASIN(SQRT(SIN(RADIANS(('Data Titik'!$B$16-'Data Titik'!$B$5)/2))^2 + COS(RADIANS('Data Titik'!$B$5))*COS(RADIANS('Data Titik'!$B$16))*SIN(RADIANS(('Data Titik'!$C$16-'Data Titik'!$C$5)/2))^2)) -> 12.374401 | Q5: =6371*2*ASIN(SQRT(SIN(RADIANS(('Data Titik'!$B$17-'Data Titik'!$B$5)/2))^2 + COS(RADIANS('Data Titik'!$B$5))*COS(RADIANS('Data Titik'!$B$17))*SIN(RADIANS(('Data Titik'!$C$17-'Data Titik'!$C$5)/2))^2)) -> 12.374401
A6: P4 | B6: =6371*2*ASIN(SQRT(SIN(RADIANS(('Data Titik'!$B$2-'Data Titik'!$B$6)/2))^2 + COS(RADIANS('Data Titik'!$B$6))*COS(RADIANS('Data Titik'!$B$2))*SIN(RADIANS(('Data Titik'!$C$2-'Data Titik'!$C$6)/2))^2)) -> 8.5163268 | C6: =6371*2*ASIN(SQRT(SIN(RADIANS(('Data Titik'!$B$3-'Data Titik'!$B$6)/2))^2 + COS(RADIANS('Data Titik'!$B$6))*COS(RADIANS('Data Titik'!$B$3))*SIN(RADIANS(('Data Titik'!$C$3-'Data Titik'!$C$6)/2))^2)) -> 5.4278907 | D6: =6371*2*ASIN(SQRT(SIN(RADIANS(('Data Titik'!$B$4-'Data Titik'!$B$6)/2))^2 + COS(RADIANS('Data Titik'!$B$6))*COS(RADIANS('Data Titik'!$B$4))*SIN(RADIANS(('Data Titik'!$C$4-'Data Titik'!$C$6)/2))^2)) -> 8.3538006 | E6: =6371*2*ASIN(SQRT(SIN(RADIANS(('Data Titik'!$B$5-'Data Titik'!$B$6)/2))^2 + COS(RADIANS('Data Titik'!$B$6))*COS(RADIANS('Data Titik'!$B$5))*SIN(RADIANS(('Data Titik'!$C$5-'Data Titik'!$C$6)/2))^2)) -> 0 | F6: =6371*2*ASIN(SQRT(SIN(RADIANS(('Data Titik'!$B$6-'Data Titik'!$B$6)/2))^2 + COS(RADIANS('Data Titik'!$B$6))*COS(RADIANS('Data Titik'!$B$6))*SIN(RADIANS(('Data Titik'!$C$6-'Data Titik'!$C$6)/2))^2)) -> 0 | G6: =6371*2*ASIN(SQRT(SIN(RADIANS(('Data Titik'!$B$7-'Data Titik'!$B$6)/2))^2 + COS(RADIANS('Data Titik'!$B$6))*COS(RADIANS('Data Titik'!$B$7))*SIN(RADIANS(('Data Titik'!$C$7-'Data Titik'!$C$6)/2))^2)) -> 5.4278907 | H6: =6371*2*ASIN(SQRT(SIN(RADIANS(('Data Titik'!$B$8-'Data Titik'!$B$6)/2))^2 + COS(RADIANS('Data Titik'!$B$6))*COS(RADIANS('Data Titik'!$B$8))*SIN(RADIANS(('Data Titik'!$C$8-'Data Titik'!$C$6)/2))^2)) -> 19.01453 | I6: =6371*2*ASIN(SQRT(SIN(RADIANS(('Data Titik'!$B$9-'Data Titik'!$B$6)/2))^2 + COS(RADIANS('Data Titik'!$B$6))*COS(RADIANS('Data Titik'!$B$9))*SIN(RADIANS(('Data Titik'!$C$9-'Data Titik'!$C$6)/2))^2)) -> 8.5332735 | J6: =6371*2*ASIN(SQRT(SIN(RADIANS(('Data Titik'!$B$10-'Data Titik'!$B$6)/2))^2 + COS(RADIANS('Data Titik'!$B$6))*COS(RADIANS('Data Titik'!$B$10))*SIN(RADIANS(('Data Titik'!$C$10-'Data Titik'!$C$6)/2))^2)) -> 15.749709 | K6: =6371*2*ASIN(SQRT(SIN(RADIANS(('Data Titik'!$B$11-'Data Titik'!$B$6)/2))^2 + COS(RADIANS('Data Titik'!$B$6))*COS(RADIANS('Data Titik'!$B$11))*SIN(RADIANS(('Data Titik'!$C$11-'Data Titik'!$C$6)/2))^2)) -> 12.822285 | L6: =6371*2*ASIN(SQRT(SIN(RADIANS(('Data Titik'!$B$12-'Data Titik'!$B$6)/2))^2 + COS(RADIANS('Data Titik'!$B$6))*COS(RADIANS('Data Titik'!$B$12))*SIN(RADIANS(('Data Titik'!$C$12-'Data Titik'!$C$6)/2))^2)) -> 9.8103575 | M6: =6371*2*ASIN(SQRT(SIN(RADIANS(('Data Titik'!$B$13-'Data Titik'!$B$6)/2))^2 + COS(RADIANS('Data Titik'!$B$6))*COS(RADIANS('Data Titik'!$B$13))*SIN(RADIANS(('Data Titik'!$C$13-'Data Titik'!$C$6)/2))^2)) -> 7.9387343 | N6: =6371*2*ASIN(SQRT(SIN(RADIANS(('Data Titik'!$B$14-'Data Titik'!$B$6)/2))^2 + COS(RADIANS('Data Titik'!$B$6))*COS(RADIANS('Data Titik'!$B$14))*SIN(RADIANS(('Data Titik'!$C$14-'Data Titik'!$C$6)/2))^2)) -> 6.8795429 | O6: =6371*2*ASIN(SQRT(SIN(RADIANS(('Data Titik'!$B$15-'Data Titik'!$B$6)/2))^2 + COS(RADIANS('Data Titik'!$B$6))*COS(RADIANS('Data Titik'!$B$15))*SIN(RADIANS(('Data Titik'!$C$15-'Data Titik'!$C$6)/2))^2)) -> 8.1392242 | P6: =6371*2*ASIN(SQRT(SIN(RADIANS(('Data Titik'!$B$16-'Data Titik'!$B$6)/2))^2 + COS(RADIANS('Data Titik'!$B$6))*COS(RADIANS('Data Titik'!$B$16))*SIN(RADIANS(('Data Titik'!$C$16-'Data Titik'!$C$6)/2))^2)) -> 12.374401 | Q6: =6371*2*ASIN(SQRT(SIN(RADIANS(('Data Titik'!$B$17-'Data Titik'!$B$6)/2))^2 + COS(RADIANS('Data Titik'!$B$6))*COS(RADIANS('Data Titik'!$B$17))*SIN(RADIANS(('Data Titik'!$C$17-'Data Titik'!$C$6)/2))^2)) -> 12.374401
A7: P5 | B7: =6371*2*ASIN(SQRT(SIN(RADIANS(('Data Titik'!$B$2-'Data Titik'!$B$7)/2))^2 + COS(RADIANS('Data Titik'!$B$7))*COS(RADIANS('Data Titik'!$B$2))*SIN(RADIANS(('Data Titik'!$C$2-'Data Titik'!$C$7)/2))^2)) -> 3.6691852 | C7: =6371*2*ASIN(SQRT(SIN(RADIANS(('Data Titik'!$B$3-'Data Titik'!$B$7)/2))^2 + COS(RADIANS('Data Titik'!$B$7))*COS(RADIANS('Data Titik'!$B$3))*SIN(RADIANS(('Data Titik'!$C$3-'Data Titik'!$C$7)/2))^2)) -> 0 | D7: =6371*2*ASIN(SQRT(SIN(RADIANS(('Data Titik'!$B$4-'Data Titik'!$B$7)/2))^2 + COS(RADIANS('Data Titik'!$B$7))*COS(RADIANS('Data Titik'!$B$4))*SIN(RADIANS(('Data Titik'!$C$4-'Data Titik'!$C$7)/2))^2)) -> 2.9776621 | E7: =6371*2*ASIN(SQRT(SIN(RADIANS(('Data Titik'!$B$5-'Data Titik'!$B$7)/2))^2 + COS(RADIANS('Data Titik'!$B$7))*COS(RADIANS('Data Titik'!$B$5))*SIN(RADIANS(('Data Titik'!$C$5-'Data Titik'!$C$7)/2))^2)) -> 5.4278907 | F7: =6371*2*ASIN(SQRT(SIN(RADIANS(('Data Titik'!$B$6-'Data Titik'!$B$7)/2))^2 + COS(RADIANS('Data Titik'!$B$7))*COS(RADIANS('Data Titik'!$B$6))*SIN(RADIANS(('Data Titik'!$C$6-'Data Titik'!$C$7)/2))^2)) -> 5.4278907 | G7: =6371*2*ASIN(SQRT(SIN(RADIANS(('Data Titik'!$B$7-'Data Titik'!$B$7)/2))^2 + COS(RADIANS('Data Titik'!$B$7))*COS(RADIANS('Data Titik'!$B$7))*SIN(RADIANS(('Data Titik'!$C$7-'Data Titik'!$C$7)/2))^2)) -> 0 | H7: =6371*2*ASIN(SQRT(SIN(RADIANS(('Data Titik'!$B$8-'Data Titik'!$B$7)/2))^2 + COS(RADIANS('Data Titik'!$B$7))*COS(RADIANS('Data Titik'!$B$8))*SIN(RADIANS(('Data Titik'!$C$8-'Data Titik'!$C$7)/2))^2)) -> 17.615282 | I7: =6371*2*ASIN(SQRT(SIN(RADIANS(('Data Titik'!$B$9-'Data Titik'!$B$7)/2))^2 + COS(RADIANS('Data Titik'!$B$7))*COS(RADIANS('Data Titik'!$B$9))*SIN(RADIANS(('Data Titik'!$C$9-'Data Titik'!$C$7)/2))^2)) -> 8.5019547 | J7: =6371*2*ASIN(SQRT(SIN(RADIANS(('Data Titik'!$B$10-'Data Titik'!$B$7)/2))^2 + COS(RADIANS('Data Titik'!$B$7))*COS(RADIANS('Data Titik'!$B$10))*SIN(RADIANS(('Data Titik'!$C$10-'Data Titik'!$C$7)/2))^2)) -> 16.149302 | K7: =6371*2*ASIN(SQRT(SIN(RADIANS(('Data Titik'!$B$11-'Data Titik'!$B$7)/2))^2 + COS(RADIANS('Data Titik'!$B$7))*COS(RADIANS('Data Titik'!$B$11))*SIN(RADIANS(('Data Titik'!$C$11-'Data Titik'!$C$7)/2))^2)) -> 10.484062 | L7: =6371*2*ASIN(SQRT(SIN(RADIANS(('Data Titik'!$B$12-'Data Titik'!$B$7)/2))^2 + COS(RADIANS('Data Titik'!$B$7))*COS(RADIANS('Data Titik'!$B$12))*SIN(RADIANS(('Data Titik'!$C$12-'Data Titik'!$C$7)/2))^2)) -> 5.2012983 | M7: =6371*2*ASIN(SQRT(SIN(RADIANS(('Data Titik'!$B$13-'Data Titik'!$B$7)/2))^2 + COS(RADIANS('Data Titik'!$B$7))*COS(RADIANS('Data Titik'!$B$13))*SIN(RADIANS(('Data Titik'!$C$13-'Data Titik'!$C$7)/2))^2)) -> 5.2789749 | N7: =6371*2*ASIN(SQRT(SIN(RADIANS(('Data Titik'!$B$14-'Data Titik'!$B$7)/2))^2 + COS(RADIANS('Data Titik'!$B$7))*COS(RADIANS('Data Titik'!$B$14))*SIN(RADIANS(('Data Titik'!$C$14-'Data Titik'!$C$7)/2))^2)) -> 4.2027514 | O7: =6371*2*ASIN(SQRT(SIN(RADIANS(('Data Titik'!$B$15-'Data Titik'!$B$7)/2))^2 + COS(RADIANS('Data Titik'!$B$7))*COS(RADIANS('Data Titik'!$B$15))*SIN(RADIANS(('Data Titik'!$C$15-'Data Titik'!$C$7)/2))^2)) -> 8.9592005 | P7: =6371*2*ASIN(SQRT(SIN(RADIANS(('Data Titik'!$B$16-'Data Titik'!$B$7)/2))^2 + COS(RADIANS('Data Titik'!$B$7))*COS(RADIANS('Data Titik'!$B$16))*SIN(RADIANS(('Data Titik'!$C$16-'Data Titik'!$C$7)/2))^2)) -> 9.7980996 | Q7: =6371*2*ASIN(SQRT(SIN(RADIANS(('Data Titik'!$B$17-'Data Titik'!$B$7)/2))^2 + COS(RADIANS('Data Titik'!$B$7))*COS(RADIANS('Data Titik'!$B$17))*SIN(RADIANS(('Data Titik'!$C$17-'Data Titik'!$C$7)/2))^2)) -> 9.7980996
A8: P6 | B8: =6371*2*ASIN(SQRT(SIN(RADIANS(('Data Titik'!$B$2-'Data Titik'!$B$8)/2))^2 + COS(RADIANS('Data Titik'!$B$8))*COS(RADIANS('Data Titik'!$B$2))*SIN(RADIANS(('Data Titik'!$C$2-'Data Titik'!$C$8)/2))^2)) -> 19.968445 | C8: =6371*2*ASIN(SQRT(SIN(RADIANS(('Data Titik'!$B$3-'Data Titik'!$B$8)/2))^2 + COS(RADIANS('Data Titik'!$B$8))*COS(RADIANS('Data Titik'!$B$3))*SIN(RADIANS(('Data Titik'!$C$3-'Data Titik'!$C$8)/2))^2)) -> 17.615282 | D8: =6371*2*ASIN(SQRT(SIN(RADIANS(('Data Titik'!$B$4-'Data Titik'!$B$8)/2))^2 + COS(RADIANS('Data Titik'!$B$8))*COS(RADIANS('Data Titik'!$B$4))*SIN(RADIANS(('Data Titik'!$C$4-'Data Titik'!$C$8)/2))^2)) -> 16.838934 | E8: =6371*2*ASIN(SQRT(SIN(RADIANS(('Data Titik'!$B$5-'Data Titik'!$B$8)/2))^2 + COS(RADIANS('Data Titik'!$B$8))*COS(RADIANS('Data Titik'!$B$5))*SIN(RADIANS(('Data Titik'!$C$5-'Data Titik'!$C$8)/2))^2)) -> 19.01453 | F8: =6371*2*ASIN(SQRT(SIN(RADIANS(('Data Titik'!$B$6-'Data Titik'!$B$8)/2))^2 + COS(RADIANS('Data Titik'!$B$8))*COS(RADIANS('Data Titik'!$B$6))*SIN(RADIANS(('Data Titik'!$C$6-'Data Titik'!$C$8)/2))^2)) -> 19.01453 | G8: =6371*2*ASIN(SQRT(SIN(RADIANS(('Data Titik'!$B$7-'Data Titik'!$B$8)/2))^2 + COS(RADIANS('Data Titik'!$B$8))*COS(RADIANS('Data Titik'!$B$7))*SIN(RADIANS(('Data Titik'!$C$7-'Data Titik'!$C$8)/2))^2)) -> 17.615282 | H8: =6371*2*ASIN(SQRT(SIN(RADIANS(('Data Titik'!$B$8-'Data Titik'!$B$8)/2))^2 + COS(RADIANS('Data Titik'!$B$8))*COS(RADIANS('Data Titik'!$B$8))*SIN(RADIANS(('Data Titik'!$C$8-'Data Titik'!$C$8)/2))^2)) -> 0 | I8: =6371*2*ASIN(SQRT(SIN(RADIANS(('Data Titik'!$B$9-'Data Titik'!$B$8)/2))^2 + COS(RADIANS('Data Titik'!$B$8))*COS(RADIANS('Data Titik'!$B$9))*SIN(RADIANS(('Data Titik'!$C$9-'Data Titik'!$C$8)/2))^2)) -> 10.521298 | J8: =6371*2*ASIN(SQRT(SIN(RADIANS(('Data Titik'!$B$10-'Data Titik'!$B$8)/2))^2 + COS(RADIANS('Data Titik'!$B$8))*COS(RADIANS('Data Titik'!$B$10))*SIN(RADIANS(('Data Titik'!$C$10-'Data Titik'!$C$8)/2))^2)) -> 6.1719277 | K8: =6371*2*ASIN(SQRT(SIN(RADIANS(('Data Titik'!$B$11-'Data Titik'!$B$8)/2))^2 + COS(RADIANS('Data Titik'!$B$8))*COS(RADIANS('Data Titik'!$B$11))*SIN(RADIANS(('Data Titik'!$C$11-'Data Titik'!$C$8)/2))^2)) -> 7.2793392 | L8: =6371*2*ASIN(SQRT(SIN(RADIANS(('Data Titik'!$B$12-'Data Titik'!$B$8)/2))^2 + COS(RADIANS('Data Titik'!$B$8))*COS(RADIANS('Data Titik'!$B$12))*SIN(RADIANS(('Data Titik'!$C$12-'Data Titik'!$C$8)/2))^2)) -> 13.902964 | M8: =6371*2*ASIN(SQRT(SIN(RADIANS(('Data Titik'!$B$13-'Data Titik'!$B$8)/2))^2 + COS(RADIANS('Data Titik'!$B$8))*COS(RADIANS('Data Titik'!$B$13))*SIN(RADIANS(('Data Titik'!$C$13-'Data Titik'!$C$8)/2))^2)) -> 12.33712 | N8: =6371*2*ASIN(SQRT(SIN(RADIANS(('Data Titik'!$B$14-'Data Titik'!$B$8)/2))^2 + COS(RADIANS('Data Titik'!$B$8))*COS(RADIANS('Data Titik'!$B$14))*SIN(RADIANS(('Data Titik'!$C$14-'Data Titik'!$C$8)/2))^2)) -> 13.445704 | O8: =6371*2*ASIN(SQRT(SIN(RADIANS(('Data Titik'!$B$15-'Data Titik'!$B$8)/2))^2 + COS(RADIANS('Data Titik'!$B$8))*COS(RADIANS('Data Titik'!$B$15))*SIN(RADIANS(('Data Titik'!$C$15-'Data Titik'!$C$8)/2))^2)) -> 11.231629 | P8: =6371*2*ASIN(SQRT(SIN(RADIANS(('Data Titik'!$B$16-'Data Titik'!$B$8)/2))^2 + COS(RADIANS('Data Titik'!$B$8))*COS(RADIANS('Data Titik'!$B$16))*SIN(RADIANS(('Data Titik'!$C$16-'Data Titik'!$C$8)/2))^2)) -> 8.0576981 | Q8: =6371*2*ASIN(SQRT(SIN(RADIANS(('Data Titik'!$B$17-'Data Titik'!$B$8)/2))^2 + COS(RADIANS('Data Titik'!$B$8))*COS(RADIANS('Data Titik'!$B$17))*SIN(RADIANS(('Data Titik'!$C$17-'Data Titik'!$C$8)/2))^2)) -> 8.0576981
A9: P7 | B9: =6371*2*ASIN(SQRT(SIN(RADIANS(('Data Titik'!$B$2-'Data Titik'!$B$9)/2))^2 + COS(RADIANS('Data Titik'!$B$9))*COS(RADIANS('Data Titik'!$B$2))*SIN(RADIANS(('Data Titik'!$C$2-'Data Titik'!$C$9)/2))^2)) -> 11.828775 | C9: =6371*2*ASIN(SQRT(SIN(RADIANS(('Data Titik'!$B$3-'Data Titik'!$B$9)/2))^2 + COS(RADIANS('Data Titik'!$B$9))*COS(RADIANS('Data Titik'!$B$3))*SIN(RADIANS(('Data Titik'!$C$3-'Data Titik'!$C$9)/2))^2)) -> 8.5019547 | D9: =6371*2*ASIN(SQRT(SIN(RADIANS(('Data Titik'!$B$4-'Data Titik'!$B$9)/2))^2 + COS(RADIANS('Data Titik'!$B$9))*COS(RADIANS('Data Titik'!$B$4))*SIN(RADIANS(('Data Titik'!$C$4-'Data Titik'!$C$9)/2))^2)) -> 9.248272 | E9: =6371*2*ASIN(SQRT(SIN(RADIANS(('Data Titik'!$B$5-'Data Titik'!$B$9)/2))^2 + COS(RADIANS('Data Titik'!$B$9))*COS(RADIANS('Data Titik'!$B$5))*SIN(RADIANS(('Data Titik'!$C$5-'Data Titik'!$C$9)/2))^2)) -> 8.5332735 | F9: =6371*2*ASIN(SQRT(SIN(RADIANS(('Data Titik'!$B$6-'Data Titik'!$B$9)/2))^2 + COS(RADIANS('Data Titik'!$B$9))*COS(RADIANS('Data Titik'!$B$6))*SIN(RADIANS(('Data Titik'!$C$6-'Data Titik'!$C$9)/2))^2)) -> 8.5332735 | G9: =6371*2*ASIN(SQRT(SIN(RADIANS(('Data Titik'!$B$7-'Data Titik'!$B$9)/2))^2 + COS(RADIANS('Data Titik'!$B$9))*COS(RADIANS('Data Titik'!$B$7))*SIN(RADIANS(('Data Titik'!$C$7-'Data Titik'!$C$9)/2))^2)) -> 8.5019547 | H9: =6371*2*ASIN(SQRT(SIN(RADIANS(('Data Titik'!$B$8-'Data Titik'!$B$9)/2))^2 + COS(RADIANS('Data Titik'!$B$9))*COS(RADIANS('Data Titik'!$B$8))*SIN(RADIANS(('Data Titik'!$C$8-'Data Titik'!$C$9)/2))^2)) -> 10.521298 | I9: =6371*2*ASIN(SQRT(SIN(RADIANS(('Data Titik'!$B$9-'Data Titik'!$B$9)/2))^2 + COS(RADIANS('Data Titik'!$B$9))*COS(RADIANS('Data Titik'!$B$9))*SIN(RADIANS(('Data Titik'!$C$9-'Data Titik'!$C$9)/2))^2)) -> 0 | J9: =6371*2*ASIN(SQRT(SIN(RADIANS(('Data Titik'!$B$10-'Data Titik'!$B$9)/2))^2 + COS(RADIANS('Data Titik'!$B$9))*COS(RADIANS('Data Titik'!$B$10))*SIN(RADIANS(('Data Titik'!$C$10-'Data Titik'!$C$9)/2))^2)) -> 7.6985358 | K9: =6371*2*ASIN(SQRT(SIN(RADIANS(('Data Titik'!$B$11-'Data Titik'!$B$9)/2))^2 + COS(RADIANS('Data Titik'!$B$9))*COS(RADIANS('Data Titik'!$B$11))*SIN(RADIANS(('Data Titik'!$C$11-'Data Titik'!$C$9)/2))^2)) -> 5.41734 | L9: =6371*2*ASIN(SQRT(SIN(RADIANS(('Data Titik'!$B$12-'Data Titik'!$B$9)/2))^2 + COS(RADIANS('Data Titik'!$B$9))*COS(RADIANS('Data Titik'!$B$12))*SIN(RADIANS(('Data Titik'!$C$12-'Data Titik'!$C$9)/2))^2)) -> 7.6915525 | M9: =6371*2*ASIN(SQRT(SIN(RADIANS(('Data Titik'!$B$13-'Data Titik'!$B$9)/2))^2 + COS(RADIANS('Data Titik'!$B$9))*COS(RADIANS('Data Titik'!$B$13))*SIN(RADIANS(('Data Titik'!$C$13-'Data Titik'!$C$9)/2))^2)) -> 4.2576928 | N9: =6371*2*ASIN(SQRT(SIN(RADIANS(('Data Titik'!$B$14-'Data Titik'!$B$9)/2))^2 + COS(RADIANS('Data Titik'!$B$9))*COS(RADIANS('Data Titik'!$B$14))*SIN(RADIANS(('Data Titik'!$C$14-'Data Titik'!$C$9)/2))^2)) -> 4.7100425 | O9: =6371*2*ASIN(SQRT(SIN(RADIANS(('Data Titik'!$B$15-'Data Titik'!$B$9)/2))^2 + COS(RADIANS('Data Titik'!$B$9))*COS(RADIANS('Data Titik'!$B$15))*SIN(RADIANS(('Data Titik'!$C$15-'Data Titik'!$C$9)/2))^2)) -> 1.3419748 | P9: =6371*2*ASIN(SQRT(SIN(RADIANS(('Data Titik'!$B$16-'Data Titik'!$B$9)/2))^2 + COS(RADIANS('Data Titik'!$B$9))*COS(RADIANS('Data Titik'!$B$16))*SIN(RADIANS(('Data Titik'!$C$16-'Data Titik'!$C$9)/2))^2)) -> 5.3943261 | Q9: =6371*2*ASIN(SQRT(SIN(RADIANS(('Data Titik'!$B$17-'Data Titik'!$B$9)/2))^2 + COS(RADIANS('Data Titik'!$B$9))*COS(RADIANS('Data Titik'!$B$17))*SIN(RADIANS(('Data Titik'!$C$17-'Data Titik'!$C$9)/2))^2)) -> 5.3943261
A10: P8 | B10: =6371*2*ASIN(SQRT(SIN(RADIANS(('Data Titik'!$B$2-'Data Titik'!$B$10)/2))^2 + COS(RADIANS('Data Titik'!$B$10))*COS(RADIANS('Data Titik'!$B$2))*SIN(RADIANS(('Data Titik'!$C$2-'Data Titik'!$C$10)/2))^2)) -> 19.298375 | C10: =6371*2*ASIN(SQRT(SIN(RADIANS(('Data Titik'!$B$3-'Data Titik'!$B$10)/2))^2 + COS(RADIANS('Data Titik'!$B$10))*COS(RADIANS('Data Titik'!$B$3))*SIN(RADIANS(('Data Titik'!$C$3-'Data Titik'!$C$10)/2))^2)) -> 16.149302 | D10: =6371*2*ASIN(SQRT(SIN(RADIANS(('Data Titik'!$B$4-'Data Titik'!$B$10)/2))^2 + COS(RADIANS('Data Titik'!$B$10))*COS(RADIANS('Data Titik'!$B$4))*SIN(RADIANS(('Data Titik'!$C$4-'Data Titik'!$C$10)/2))^2)) -> 16.453628 | E10: =6371*2*ASIN(SQRT(SIN(RADIANS(('Data Titik'!$B$5-'Data Titik'!$B$10)/2))^2 + COS(RADIANS('Data Titik'!$B$10))*COS(RADIANS('Data Titik'!$B$5))*SIN(RADIANS(('Data Titik'!$C$5-'Data Titik'!$C$10)/2))^2)) -> 15.749709 | F10: =6371*2*ASIN(SQRT(SIN(RADIANS(('Data Titik'!$B$6-'Data Titik'!$B$10)/2))^2 + COS(RADIANS('Data Titik'!$B$10))*COS(RADIANS('Data Titik'!$B$6))*SIN(RADIANS(('Data Titik'!$C$6-'Data Titik'!$C$10)/2))^2)) -> 15.749709 | G10: =6371*2*ASIN(SQRT(SIN(RADIANS(('Data Titik'!$B$7-'Data Titik'!$B$10)/2))^2 + COS(RADIANS('Data Titik'!$B$10))*COS(RADIANS('Data Titik'!$B$7))*SIN(RADIANS(('Data Titik'!$C$7-'Data Titik'!$C$10)/2))^2)) -> 16.149302 | H10: =6371*2*ASIN(SQRT(SIN(RADIANS(('Data Titik'!$B$8-'Data Titik'!$B$10)/2))^2 + COS(RADIANS('Data Titik'!$B$10))*COS(RADIANS('Data Titik'!$B$8))*SIN(RADIANS(('Data Titik'!$C$8-'Data Titik'!$C$10)/2))^2)) -> 6.1719277 | I10: =6371*2*ASIN(SQRT(SIN(RADIANS(('Data Titik'!$B$9-'Data Titik'!$B$10)/2))^2 + COS(RADIANS('Data Titik'!$B$10))*COS(RADIANS('Data Titik'!$B$9))*SIN(RADIANS(('Data Titik'!$C$9-'Data Titik'!$C$10)/2))^2)) -> 7.6985358 | J10: =6371*2*ASIN(SQRT(SIN(RADIANS(('Data Titik'!$B$10-'Data Titik'!$B$10)/2))^2 + COS(RADIANS('Data Titik'!$B$10))*COS(RADIANS('Data Titik'!$B$10))*SIN(RADIANS(('Data Titik'!$C$10-'Data Titik'!$C$10)/2))^2)) -> 0 | K10: =6371*2*ASIN(SQRT(SIN(RADIANS(('Data Titik'!$B$11-'Data Titik'!$B$10)/2))^2 + COS(RADIANS('Data Titik'!$B$10))*COS(RADIANS('Data Titik'!$B$11))*SIN(RADIANS(('Data Titik'!$C$11-'Data Titik'!$C$10)/2))^2)) -> 8.2484178 | L10: =6371*2*ASIN(SQRT(SIN(RADIANS(('Data Titik'!$B$12-'Data Titik'!$B$10)/2))^2 + COS(RADIANS('Data Titik'!$B$10))*COS(RADIANS('Data Titik'!$B$12))*SIN(RADIANS(('Data Titik'!$C$12-'Data Titik'!$C$10)/2))^2)) -> 14.15785 | M10: =6371*2*ASIN(SQRT(SIN(RADIANS(('Data Titik'!$B$13-'Data Titik'!$B$10)/2))^2 + COS(RADIANS('Data Titik'!$B$10))*COS(RADIANS('Data Titik'!$B$13))*SIN(RADIANS(('Data Titik'!$C$13-'Data Titik'!$C$10)/2))^2)) -> 11.317112 | N10: =6371*2*ASIN(SQRT(SIN(RADIANS(('Data Titik'!$B$14-'Data Titik'!$B$10)/2))^2 + COS(RADIANS('Data Titik'!$B$10))*COS(RADIANS('Data Titik'!$B$14))*SIN(RADIANS(('Data Titik'!$C$14-'Data Titik'!$C$10)/2))^2)) -> 12.11857 | O10: =6371*2*ASIN(SQRT(SIN(RADIANS(('Data Titik'!$B$15-'Data Titik'!$B$10)/2))^2 + COS(RADIANS('Data Titik'!$B$10))*COS(RADIANS('Data Titik'!$B$15))*SIN(RADIANS(('Data Titik'!$C$15-'Data Titik'!$C$10)/2))^2)) -> 7.6611943 | P10: =6371*2*ASIN(SQRT(SIN(RADIANS(('Data Titik'!$B$16-'Data Titik'!$B$10)/2))^2 + COS(RADIANS('Data Titik'!$B$10))*COS(RADIANS('Data Titik'!$B$16))*SIN(RADIANS(('Data Titik'!$C$16-'Data Titik'!$C$10)/2))^2)) -> 8.9458969 | Q10: =6371*2*ASIN(SQRT(SIN(RADIANS(('Data Titik'!$B$17-'Data Titik'!$B$10)/2))^2 + COS(RADIANS('Data Titik'!$B$10))*COS(RADIANS('Data Titik'!$B$17))*SIN(RADIANS(('Data Titik'!$C$17-'Data Titik'!$C$10)/2))^2)) -> 8.9458969
A11: P9 | B11: =6371*2*ASIN(SQRT(SIN(RADIANS(('Data Titik'!$B$2-'Data Titik'!$B$11)/2))^2 + COS(RADIANS('Data Titik'!$B$11))*COS(RADIANS('Data Titik'!$B$2))*SIN(RADIANS(('Data Titik'!$C$2-'Data Titik'!$C$11)/2))^2)) -> 12.689248 | C11: =6371*2*ASIN(SQRT(SIN(RADIANS(('Data Titik'!$B$3-'Data Titik'!$B$11)/2))^2 + COS(RADIANS('Data Titik'!$B$11))*COS(RADIANS('Data Titik'!$B$3))*SIN(RADIANS(('Data Titik'!$C$3-'Data Titik'!$C$11)/2))^2)) -> 10.484062 | D11: =6371*2*ASIN(SQRT(SIN(RADIANS(('Data Titik'!$B$4-'Data Titik'!$B$11)/2))^2 + COS(RADIANS('Data Titik'!$B$11))*COS(RADIANS('Data Titik'!$B$4))*SIN(RADIANS(('Data Titik'!$C$4-'Data Titik'!$C$11)/2))^2)) -> 9.560498 | E11: =6371*2*ASIN(SQRT(SIN(RADIANS(('Data Titik'!$B$5-'Data Titik'!$B$11)/2))^2 + COS(RADIANS('Data Titik'!$B$11))*COS(RADIANS('Data Titik'!$B$5))*SIN(RADIANS(('Data Titik'!$C$5-'Data Titik'!$C$11)/2))^2)) -> 12.822285 | F11: =6371*2*ASIN(SQRT(SIN(RADIANS(('Data Titik'!$B$6-'Data Titik'!$B$11)/2))^2 + COS(RADIANS('Data Titik'!$B$11))*COS(RADIANS('Data Titik'!$B$6))*SIN(RADIANS(('Data Titik'!$C$6-'Data Titik'!$C$11)/2))^2)) -> 12.822285 | G11: =6371*2*ASIN(SQRT(SIN(RADIANS(('Data Titik'!$B$7-'Data Titik'!$B$11)/2))^2 + COS(RADIANS('Data Titik'!$B$11))*COS(RADIANS('Data Titik'!$B$7))*SIN(RADIANS(('Data Titik'!$C$7-'Data Titik'!$C$11)/2))^2)) -> 10.484062 | H11: =6371*2*ASIN(SQRT(SIN(RADIANS(('Data Titik'!$B$8-'Data Titik'!$B$11)/2))^2 + COS(RADIANS('Data Titik'!$B$11))*COS(RADIANS('Data Titik'!$B$8))*SIN(RADIANS(('Data Titik'!$C$8-'Data Titik'!$C$11)/2))^2)) -> 7.2793392 | I11: =6371*2*ASIN(SQRT(SIN(RADIANS(('Data Titik'!$B$9-'Data Titik'!$B$11)/2))^2 + COS(RADIANS('Data Titik'!$B$11))*COS(RADIANS('Data Titik'!$B$9))*SIN(RADIANS(('Data Titik'!$C$9-'Data Titik'!$C$11)/2))^2)) -> 5.41734 | J11: =6371*2*ASIN(SQRT(SIN(RADIANS(('Data Titik'!$B$10-'Data Titik'!$B$11)/2))^2 + COS(RADIANS('Data Titik'!$B$11))*COS(RADIANS('Data Titik'!$B$10))*SIN(RADIANS(('Data Titik'!$C$10-'Data Titik'!$C$11)/2))^2)) -> 8.2484178 | K11: =6371*2*ASIN(SQRT(SIN(RADIANS(('Data Titik'!$B$11-'Data Titik'!$B$11)/2))^2 + COS(RADIANS('Data Titik'!$B$11))*COS(RADIANS('Data Titik'!$B$11))*SIN(RADIANS(('Data Titik'!$C$11-'Data Titik'!$C$11)/2))^2)) -> 0 | L11: =6371*2*ASIN(SQRT(SIN(RADIANS(('Data Titik'!$B$12-'Data Titik'!$B$11)/2))^2 + COS(RADIANS('Data Titik'!$B$11))*COS(RADIANS('Data Titik'!$B$12))*SIN(RADIANS(('Data Titik'!$C$12-'Data Titik'!$C$11)/2))^2)) -> 6.6700236 | M11: =6371*2*ASIN(SQRT(SIN(RADIANS(('Data Titik'!$B$13-'Data Titik'!$B$11)/2))^2 + COS(RADIANS('Data Titik'!$B$11))*COS(RADIANS('Data Titik'!$B$13))*SIN(RADIANS(('Data Titik'!$C$13-'Data Titik'!$C$11)/2))^2)) -> 5.2838398 | N11: =6371*2*ASIN(SQRT(SIN(RADIANS(('Data Titik'!$B$14-'Data Titik'!$B$11)/2))^2 + COS(RADIANS('Data Titik'!$B$11))*COS(RADIANS('Data Titik'!$B$14))*SIN(RADIANS(('Data Titik'!$C$14-'Data Titik'!$C$11)/2))^2)) -> 6.44419 | O11: =6371*2*ASIN(SQRT(SIN(RADIANS(('Data Titik'!$B$15-'Data Titik'!$B$11)/2))^2 + COS(RADIANS('Data Titik'!$B$11))*COS(RADIANS('Data Titik'!$B$15))*SIN(RADIANS(('Data Titik'!$C$15-'Data Titik'!$C$11)/2))^2)) -> 6.6882972 | P11: =6371*2*ASIN(SQRT(SIN(RADIANS(('Data Titik'!$B$16-'Data Titik'!$B$11)/2))^2 + COS(RADIANS('Data Titik'!$B$11))*COS(RADIANS('Data Titik'!$B$16))*SIN(RADIANS(('Data Titik'!$C$16-'Data Titik'!$C$11)/2))^2)) -> 0.803645 | Q11: =6371*2*ASIN(SQRT(SIN(RADIANS(('Data Titik'!$B$17-'Data Titik'!$B$11)/2))^2 + COS(RADIANS('Data Titik'!$B$11))*COS(RADIANS('Data Titik'!$B$17))*SIN(RADIANS(('Data Titik'!$C$17-'Data Titik'!$C$11)/2))^2)) -> 0.803645
A12: P10 | B12: =6371*2*ASIN(SQRT(SIN(RADIANS(('Data Titik'!$B$2-'Data Titik'!$B$12)/2))^2 + COS(RADIANS('Data Titik'!$B$12))*COS(RADIANS('Data Titik'!$B$2))*SIN(RADIANS(('Data Titik'!$C$2-'Data Titik'!$C$12)/2))^2)) -> 6.2213339 | C12: =6371*2*ASIN(SQRT(SIN(RADIANS(('Data Titik'!$B$3-'Data Titik'!$B$12)/2))^2 + COS(RADIANS('Data Titik'!$B$12))*COS(RADIANS('Data Titik'!$B$3))*SIN(RADIANS(('Data Titik'!$C$3-'Data Titik'!$C$12)/2))^2)) -> 5.2012983 | D12: =6371*2*ASIN(SQRT(SIN(RADIANS(('Data Titik'!$B$4-'Data Titik'!$B$12)/2))^2 + COS(RADIANS('Data Titik'!$B$12))*COS(RADIANS('Data Titik'!$B$4))*SIN(RADIANS(('Data Titik'!$C$4-'Data Titik'!$C$12)/2))^2)) -> 3.1058111 | E12: =6371*2*ASIN(SQRT(SIN(RADIANS(('Data Titik'!$B$5-'Data Titik'!$B$12)/2))^2 + COS(RADIANS('Data Titik'!$B$12))*COS(RADIANS('Data Titik'!$B$5))*SIN(RADIANS(('Data Titik'!$C$5-'Data Titik'!$C$12)/2))^2)) -> 9.8103575 | F12: =6371*2*ASIN(SQRT(SIN(RADIANS(('Data Titik'!$B$6-'Data Titik'!$B$12)/2))^2 + COS(RADIANS('Data Titik'!$B$12))*COS(RADIANS('Data Titik'!$B$6))*SIN(RADIANS(('Data Titik'!$C$6-'Data Titik'!$C$12)/2))^2)) -> 9.8103575 | G12: =6371*2*ASIN(SQRT(SIN(RADIANS(('Data Titik'!$B$7-'Data Titik'!$B$12)/2))^2 + COS(RADIANS('Data Titik'!$B$12))*COS(RADIANS('Data Titik'!$B$7))*SIN(RADIANS(('Data Titik'!$C$7-'Data Titik'!$C$12)/2))^2)) -> 5.2012983 | H12: =6371*2*ASIN(SQRT(SIN(RADIANS(('Data Titik'!$B$8-'Data Titik'!$B$12)/2))^2 + COS(RADIANS('Data Titik'!$B$12))*COS(RADIANS('Data Titik'!$B$8))*SIN(RADIANS(('Data Titik'!$C$8-'Data Titik'!$C$12)/2))^2)) -> 13.902964 | I12: =6371*2*ASIN(SQRT(SIN(RADIANS(('Data Titik'!$B$9-'Data Titik'!$B$12)/2))^2 + COS(RADIANS('Data Titik'!$B$12))*COS(RADIANS('Data Titik'!$B$9))*SIN(RADIANS(('Data Titik'!$C$9-'Data Titik'!$C$12)/2))^2)) -> 7.6915525 | J12: =6371*2*ASIN(SQRT(SIN(RADIANS(('Data Titik'!$B$10-'Data Titik'!$B$12)/2))^2 + COS(RADIANS('Data Titik'!$B$12))*COS(RADIANS('Data Titik'!$B$10))*SIN(RADIANS(('Data Titik'!$C$10-'Data Titik'!$C$12)/2))^2)) -> 14.15785 | K12: =6371*2*ASIN(SQRT(SIN(RADIANS(('Data Titik'!$B$11-'Data Titik'!$B$12)/2))^2 + COS(RADIANS('Data Titik'!$B$12))*COS(RADIANS('Data Titik'!$B$11))*SIN(RADIANS(('Data Titik'!$C$11-'Data Titik'!$C$12)/2))^2)) -> 6.6700236 | L12: =6371*2*ASIN(SQRT(SIN(RADIANS(('Data Titik'!$B$12-'Data Titik'!$B$12)/2))^2 + COS(RADIANS('Data Titik'!$B$12))*COS(RADIANS('Data Titik'!$B$12))*SIN(RADIANS(('Data Titik'!$C$12-'Data Titik'!$C$12)/2))^2)) -> 0 | M12: =6371*2*ASIN(SQRT(SIN(RADIANS(('Data Titik'!$B$13-'Data Titik'!$B$12)/2))^2 + COS(RADIANS('Data Titik'!$B$12))*COS(RADIANS('Data Titik'!$B$13))*SIN(RADIANS(('Data Titik'!$C$13-'Data Titik'!$C$12)/2))^2)) -> 3.5003211 | N12: =6371*2*ASIN(SQRT(SIN(RADIANS(('Data Titik'!$B$14-'Data Titik'!$B$12)/2))^2 + COS(RADIANS('Data Titik'!$B$12))*COS(RADIANS('Data Titik'!$B$14))*SIN(RADIANS(('Data Titik'!$C$14-'Data Titik'!$C$12)/2))^2)) -> 3.6759622 | O12: =6371*2*ASIN(SQRT(SIN(RADIANS(('Data Titik'!$B$15-'Data Titik'!$B$12)/2))^2 + COS(RADIANS('Data Titik'!$B$12))*COS(RADIANS('Data Titik'!$B$15))*SIN(RADIANS(('Data Titik'!$C$15-'Data Titik'!$C$12)/2))^2)) -> 8.7975489 | P12: =6371*2*ASIN(SQRT(SIN(RADIANS(('Data Titik'!$B$16-'Data Titik'!$B$12)/2))^2 + COS(RADIANS('Data Titik'!$B$12))*COS(RADIANS('Data Titik'!$B$16))*SIN(RADIANS(('Data Titik'!$C$16-'Data Titik'!$C$12)/2))^2)) -> 5.871087 | Q12: =6371*2*ASIN(SQRT(SIN(RADIANS(('Data Titik'!$B$17-'Data Titik'!$B$12)/2))^2 + COS(RADIANS('Data Titik'!$B$12))*COS(RADIANS('Data Titik'!$B$17))*SIN(RADIANS(('Data Titik'!$C$17-'Data Titik'!$C$12)/2))^2)) -> 5.871087
A13: P11 | B13: =6371*2*ASIN(SQRT(SIN(RADIANS(('Data Titik'!$B$2-'Data Titik'!$B$13)/2))^2 + COS(RADIANS('Data Titik'!$B$13))*COS(RADIANS('Data Titik'!$B$2))*SIN(RADIANS(('Data Titik'!$C$2-'Data Titik'!$C$13)/2))^2)) -> 8.0162918 | C13: =6371*2*ASIN(SQRT(SIN(RADIANS(('Data Titik'!$B$3-'Data Titik'!$B$13)/2))^2 + COS(RADIANS('Data Titik'!$B$13))*COS(RADIANS('Data Titik'!$B$3))*SIN(RADIANS(('Data Titik'!$C$3-'Data Titik'!$C$13)/2))^2)) -> 5.2789749 | D13: =6371*2*ASIN(SQRT(SIN(RADIANS(('Data Titik'!$B$4-'Data Titik'!$B$13)/2))^2 + COS(RADIANS('Data Titik'!$B$13))*COS(RADIANS('Data Titik'!$B$4))*SIN(RADIANS(('Data Titik'!$C$4-'Data Titik'!$C$13)/2))^2)) -> 5.1474577 | E13: =6371*2*ASIN(SQRT(SIN(RADIANS(('Data Titik'!$B$5-'Data Titik'!$B$13)/2))^2 + COS(RADIANS('Data Titik'!$B$13))*COS(RADIANS('Data Titik'!$B$5))*SIN(RADIANS(('Data Titik'!$C$5-'Data Titik'!$C$13)/2))^2)) -> 7.9387343 | F13: =6371*2*ASIN(SQRT(SIN(RADIANS(('Data Titik'!$B$6-'Data Titik'!$B$13)/2))^2 + COS(RADIANS('Data Titik'!$B$13))*COS(RADIANS('Data Titik'!$B$6))*SIN(RADIANS(('Data Titik'!$C$6-'Data Titik'!$C$13)/2))^2)) -> 7.9387343 | G13: =6371*2*ASIN(SQRT(SIN(RADIANS(('Data Titik'!$B$7-'Data Titik'!$B$13)/2))^2 + COS(RADIANS('Data Titik'!$B$13))*COS(RADIANS('Data Titik'!$B$7))*SIN(RADIANS(('Data Titik'!$C$7-'Data Titik'!$C$13)/2))^2)) -> 5.2789749 | H13: =6371*2*ASIN(SQRT(SIN(RADIANS(('Data Titik'!$B$8-'Data Titik'!$B$13)/2))^2 + COS(RADIANS('Data Titik'!$B$13))*COS(RADIANS('Data Titik'!$B$8))*SIN(RADIANS(('Data Titik'!$C$8-'Data Titik'!$C$13)/2))^2)) -> 12.33712 | I13: =6371*2*ASIN(SQRT(SIN(RADIANS(('Data Titik'!$B$9-'Data Titik'!$B$13)/2))^2 + COS(RADIANS('Data Titik'!$B$13))*COS(RADIANS('Data Titik'!$B$9))*SIN(RADIANS(('Data Titik'!$C$9-'Data Titik'!$C$13)/2))^2)) -> 4.2576928 | J13: =6371*2*ASIN(SQRT(SIN(RADIANS(('Data Titik'!$B$10-'Data Titik'!$B$13)/2))^2 + COS(RADIANS('Data Titik'!$B$13))*COS(RADIANS('Data Titik'!$B$10))*SIN(RADIANS(('Data Titik'!$C$10-'Data Titik'!$C$13)/2))^2)) -> 11.317112 | K13: =6371*2*ASIN(SQRT(SIN(RADIANS(('Data Titik'!$B$11-'Data Titik'!$B$13)/2))^2 + COS(RADIANS('Data Titik'!$B$13))*COS(RADIANS('Data Titik'!$B$11))*SIN(RADIANS(('Data Titik'!$C$11-'Data Titik'!$C$13)/2))^2)) -> 5.2838398 | L13: =6371*2*ASIN(SQRT(SIN(RADIANS(('Data Titik'!$B$12-'Data Titik'!$B$13)/2))^2 + COS(RADIANS('Data Titik'!$B$13))*COS(RADIANS('Data Titik'!$B$12))*SIN(RADIANS(('Data Titik'!$C$12-'Data Titik'!$C$13)/2))^2)) -> 3.5003211 | M13: =6371*2*ASIN(SQRT(SIN(RADIANS(('Data Titik'!$B$13-'Data Titik'!$B$13)/2))^2 + COS(RADIANS('Data Titik'!$B$13))*COS(RADIANS('Data Titik'!$B$13))*SIN(RADIANS(('Data Titik'!$C$13-'Data Titik'!$C$13)/2))^2)) -> 0 | N13: =6371*2*ASIN(SQRT(SIN(RADIANS(('Data Titik'!$B$14-'Data Titik'!$B$13)/2))^2 + COS(RADIANS('Data Titik'!$B$13))*COS(RADIANS('Data Titik'!$B$14))*SIN(RADIANS(('Data Titik'!$C$14-'Data Titik'!$C$13)/2))^2)) -> 1.1656083 | O13: =6371*2*ASIN(SQRT(SIN(RADIANS(('Data Titik'!$B$15-'Data Titik'!$B$13)/2))^2 + COS(RADIANS('Data Titik'!$B$13))*COS(RADIANS('Data Titik'!$B$15))*SIN(RADIANS(('Data Titik'!$C$15-'Data Titik'!$C$13)/2))^2)) -> 5.3051149 | P13: =6371*2*ASIN(SQRT(SIN(RADIANS(('Data Titik'!$B$16-'Data Titik'!$B$13)/2))^2 + COS(RADIANS('Data Titik'!$B$13))*COS(RADIANS('Data Titik'!$B$16))*SIN(RADIANS(('Data Titik'!$C$16-'Data Titik'!$C$13)/2))^2)) -> 4.6693768 | Q13: =6371*2*ASIN(SQRT(SIN(RADIANS(('Data Titik'!$B$17-'Data Titik'!$B$13)/2))^2 + COS(RADIANS('Data Titik'!$B$13))*COS(RADIANS('Data Titik'!$B$17))*SIN(RADIANS(('Data Titik'!$C$17-'Data Titik'!$C$13)/2))^2)) -> 4.6693768
A14: P12 | B14: =6371*2*ASIN(SQRT(SIN(RADIANS(('Data Titik'!$B$2-'Data Titik'!$B$14)/2))^2 + COS(RADIANS('Data Titik'!$B$14))*COS(RADIANS('Data Titik'!$B$2))*SIN(RADIANS(('Data Titik'!$C$2-'Data Titik'!$C$14)/2))^2)) -> 7.1874175 | C14: =6371*2*ASIN(SQRT(SIN(RADIANS(('Data Titik'!$B$3-'Data Titik'!$B$14)/2))^2 + COS(RADIANS('Data Titik'!$B$14))*COS(RADIANS('Data Titik'!$B$3))*SIN(RADIANS(('Data Titik'!$C$3-'Data Titik'!$C$14)/2))^2)) -> 4.2027514 | D14: =6371*2*ASIN(SQRT(SIN(RADIANS(('Data Titik'!$B$4-'Data Titik'!$B$14)/2))^2 + COS(RADIANS('Data Titik'!$B$14))*COS(RADIANS('Data Titik'!$B$4))*SIN(RADIANS(('Data Titik'!$C$4-'Data Titik'!$C$14)/2))^2)) -> 4.5455791 | E14: =6371*2*ASIN(SQRT(SIN(RADIANS(('Data Titik'!$B$5-'Data Titik'!$B$14)/2))^2 + COS(RADIANS('Data Titik'!$B$14))*COS(RADIANS('Data Titik'!$B$5))*SIN(RADIANS(('Data Titik'!$C$5-'Data Titik'!$C$14)/2))^2)) -> 6.8795429 | F14: =6371*2*ASIN(SQRT(SIN(RADIANS(('Data Titik'!$B$6-'Data Titik'!$B$14)/2))^2 + COS(RADIANS('Data Titik'!$B$14))*COS(RADIANS('Data Titik'!$B$6))*SIN(RADIANS(('Data Titik'!$C$6-'Data Titik'!$C$14)/2))^2)) -> 6.8795429 | G14: =6371*2*ASIN(SQRT(SIN(RADIANS(('Data Titik'!$B$7-'Data Titik'!$B$14)/2))^2 + COS(RADIANS('Data Titik'!$B$14))*COS(RADIANS('Data Titik'!$B$7))*SIN(RADIANS(('Data Titik'!$C$7-'Data Titik'!$C$14)/2))^2)) -> 4.2027514 | H14: =6371*2*ASIN(SQRT(SIN(RADIANS(('Data Titik'!$B$8-'Data Titik'!$B$14)/2))^2 + COS(RADIANS('Data Titik'!$B$14))*COS(RADIANS('Data Titik'!$B$8))*SIN(RADIANS(('Data Titik'!$C$8-'Data Titik'!$C$14)/2))^2)) -> 13.445704 | I14: =6371*2*ASIN(SQRT(SIN(RADIANS(('Data Titik'!$B$9-'Data Titik'!$B$14)/2))^2 + COS(RADIANS('Data Titik'!$B$14))*COS(RADIANS('Data Titik'!$B$9))*SIN(RADIANS(('Data Titik'!$C$9-'Data Titik'!$C$14)/2))^2)) -> 4.7100425 | J14: =6371*2*ASIN(SQRT(SIN(RADIANS(('Data Titik'!$B$10-'Data Titik'!$B$14)/2))^2 + COS(RADIANS('Data Titik'!$B$14))*COS(RADIANS('Data Titik'!$B$10))*SIN(RADIANS(('Data Titik'!$C$10-'Data Titik'!$C$14)/2))^2)) -> 12.11857 | K14: =6371*2*ASIN(SQRT(SIN(RADIANS(('Data Titik'!$B$11-'Data Titik'!$B$14)/2))^2 + COS(RADIANS('Data Titik'!$B$14))*COS(RADIANS('Data Titik'!$B$11))*SIN(RADIANS(('Data Titik'!$C$11-'Data Titik'!$C$14)/2))^2)) -> 6.44419 | L14: =6371*2*ASIN(SQRT(SIN(RADIANS(('Data Titik'!$B$12-'Data Titik'!$B$14)/2))^2 + COS(RADIANS('Data Titik'!$B$14))*COS(RADIANS('Data Titik'!$B$12))*SIN(RADIANS(('Data Titik'!$C$12-'Data Titik'!$C$14)/2))^2)) -> 3.6759622 | M14: =6371*2*ASIN(SQRT(SIN(RADIANS(('Data Titik'!$B$13-'Data Titik'!$B$14)/2))^2 + COS(RADIANS('Data Titik'!$B$14))*COS(RADIANS('Data Titik'!$B$13))*SIN(RADIANS(('Data Titik'!$C$13-'Data Titik'!$C$14)/2))^2)) -> 1.1656083 | N14: =6371*2*ASIN(SQRT(SIN(RADIANS(('Data Titik'!$B$14-'Data Titik'!$B$14)/2))^2 + COS(RADIANS('Data Titik'!$B$14))*COS(RADIANS('Data Titik'!$B$14))*SIN(RADIANS(('Data Titik'!$C$14-'Data Titik'!$C$14)/2))^2)) -> 0 | O14: =6371*2*ASIN(SQRT(SIN(RADIANS(('Data Titik'!$B$15-'Data Titik'!$B$14)/2))^2 + COS(RADIANS('Data Titik'!$B$14))*COS(RADIANS('Data Titik'!$B$15))*SIN(RADIANS(('Data Titik'!$C$15-'Data Titik'!$C$14)/2))^2)) -> 5.5425125 | P14: =6371*2*ASIN(SQRT(SIN(RADIANS(('Data Titik'!$B$16-'Data Titik'!$B$14)/2))^2 + COS(RADIANS('Data Titik'!$B$14))*COS(RADIANS('Data Titik'!$B$16))*SIN(RADIANS(('Data Titik'!$C$16-'Data Titik'!$C$14)/2))^2)) -> 5.834985 | Q14: =6371*2*ASIN(SQRT(SIN(RADIANS(('Data Titik'!$B$17-'Data Titik'!$B$14)/2))^2 + COS(RADIANS('Data Titik'!$B$14))*COS(RADIANS('Data Titik'!$B$17))*SIN(RADIANS(('Data Titik'!$C$17-'Data Titik'!$C$14)/2))^2)) -> 5.834985
A15: P13 | B15: =6371*2*ASIN(SQRT(SIN(RADIANS(('Data Titik'!$B$2-'Data Titik'!$B$15)/2))^2 + COS(RADIANS('Data Titik'!$B$15))*COS(RADIANS('Data Titik'!$B$2))*SIN(RADIANS(('Data Titik'!$C$2-'Data Titik'!$C$15)/2))^2)) -> 12.446813 | C15: =6371*2*ASIN(SQRT(SIN(RADIANS(('Data Titik'!$B$3-'Data Titik'!$B$15)/2))^2 + COS(RADIANS('Data Titik'!$B$15))*COS(RADIANS('Data Titik'!$B$3))*SIN(RADIANS(('Data Titik'!$C$3-'Data Titik'!$C$15)/2))^2)) -> 8.9592005 | D15: =6371*2*ASIN(SQRT(SIN(RADIANS(('Data Titik'!$B$4-'Data Titik'!$B$15)/2))^2 + COS(RADIANS('Data Titik'!$B$15))*COS(RADIANS('Data Titik'!$B$4))*SIN(RADIANS(('Data Titik'!$C$4-'Data Titik'!$C$15)/2))^2)) -> 10.068068 | E15: =6371*2*ASIN(SQRT(SIN(RADIANS(('Data Titik'!$B$5-'Data Titik'!$B$15)/2))^2 + COS(RADIANS('Data Titik'!$B$15))*COS(RADIANS('Data Titik'!$B$5))*SIN(RADIANS(('Data Titik'!$C$5-'Data Titik'!$C$15)/2))^2)) -> 8.1392242 | F15: =6371*2*ASIN(SQRT(SIN(RADIANS(('Data Titik'!$B$6-'Data Titik'!$B$15)/2))^2 + COS(RADIANS('Data Titik'!$B$15))*COS(RADIANS('Data Titik'!$B$6))*SIN(RADIANS(('Data Titik'!$C$6-'Data Titik'!$C$15)/2))^2)) -> 8.1392242 | G15: =6371*2*ASIN(SQRT(SIN(RADIANS(('Data Titik'!$B$7-'Data Titik'!$B$15)/2))^2 + COS(RADIANS('Data Titik'!$B$15))*COS(RADIANS('Data Titik'!$B$7))*SIN(RADIANS(('Data Titik'!$C$7-'Data Titik'!$C$15)/2))^2)) -> 8.9592005 | H15: =6371*2*ASIN(SQRT(SIN(RADIANS(('Data Titik'!$B$8-'Data Titik'!$B$15)/2))^2 + COS(RADIANS('Data Titik'!$B$15))*COS(RADIANS('Data Titik'!$B$8))*SIN(RADIANS(('Data Titik'!$C$8-'Data Titik'!$C$15)/2))^2)) -> 11.231629 | I15: =6371*2*ASIN(SQRT(SIN(RADIANS(('Data Titik'!$B$9-'Data Titik'!$B$15)/2))^2 + COS(RADIANS('Data Titik'!$B$15))*COS(RADIANS('Data Titik'!$B$9))*SIN(RADIANS(('Data Titik'!$C$9-'Data Titik'!$C$15)/2))^2)) -> 1.3419748 | J15: =6371*2*ASIN(SQRT(SIN(RADIANS(('Data Titik'!$B$10-'Data Titik'!$B$15)/2))^2 + COS(RADIANS('Data Titik'!$B$15))*COS(RADIANS('Data Titik'!$B$10))*SIN(RADIANS(('Data Titik'!$C$10-'Data Titik'!$C$15)/2))^2)) -> 7.6611943 | K15: =6371*2*ASIN(SQRT(SIN(RADIANS(('Data Titik'!$B$11-'Data Titik'!$B$15)/2))^2 + COS(RADIANS('Data Titik'!$B$15))*COS(RADIANS('Data Titik'!$B$11))*SIN(RADIANS(('Data Titik'!$C$11-'Data Titik'!$C$15)/2))^2)) -> 6.6882972 | L15: =6371*2*ASIN(SQRT(SIN(RADIANS(('Data Titik'!$B$12-'Data Titik'!$B$15)/2))^2 + COS(RADIANS('Data Titik'!$B$15))*COS(RADIANS('Data Titik'!$B$12))*SIN(RADIANS(('Data Titik'!$C$12-'Data Titik'!$C$15)/2))^2)) -> 8.7975489 | M15: =6371*2*ASIN(SQRT(SIN(RADIANS(('Data Titik'!$B$13-'Data Titik'!$B$15)/2))^2 + COS(RADIANS('Data Titik'!$B$15))*COS(RADIANS('Data Titik'!$B$13))*SIN(RADIANS(('Data Titik'!$C$13-'Data Titik'!$C$15)/2))^2)) -> 5.3051149 | N15: =6371*2*ASIN(SQRT(SIN(RADIANS(('Data Titik'!$B$14-'Data Titik'!$B$15)/2))^2 + COS(RADIANS('Data Titik'!$B$15))*COS(RADIANS('Data Titik'!$B$14))*SIN(RADIANS(('Data Titik'!$C$14-'Data Titik'!$C$15)/2))^2)) -> 5.5425125 | O15: =6371*2*ASIN(SQRT(SIN(RADIANS(('Data Titik'!$B$15-'Data Titik'!$B$15)/2))^2 + COS(RADIANS('Data Titik'!$B$15))*COS(RADIANS('Data Titik'!$B$15))*SIN(RADIANS(('Data Titik'!$C$15-'Data Titik'!$C$15)/2))^2)) -> 0 | P15: =6371*2*ASIN(SQRT(SIN(RADIANS(('Data Titik'!$B$16-'Data Titik'!$B$15)/2))^2 + COS(RADIANS('Data Titik'!$B$15))*COS(RADIANS('Data Titik'!$B$16))*SIN(RADIANS(('Data Titik'!$C$16-'Data Titik'!$C$15)/2))^2)) -> 6.7113479 | Q15: =6371*2*ASIN(SQRT(SIN(RADIANS(('Data Titik'!$B$17-'Data Titik'!$B$15)/2))^2 + COS(RADIANS('Data Titik'!$B$15))*COS(RADIANS('Data Titik'!$B$17))*SIN(RADIANS(('Data Titik'!$C$17-'Data Titik'!$C$15)/2))^2)) -> 6.7113479
A16: P14 | B16: =6371*2*ASIN(SQRT(SIN(RADIANS(('Data Titik'!$B$2-'Data Titik'!$B$16)/2))^2 + COS(RADIANS('Data Titik'!$B$16))*COS(RADIANS('Data Titik'!$B$2))*SIN(RADIANS(('Data Titik'!$C$2-'Data Titik'!$C$16)/2))^2)) -> 11.917279 | C16: =6371*2*ASIN(SQRT(SIN(RADIANS(('Data Titik'!$B$3-'Data Titik'!$B$16)/2))^2 + COS(RADIANS('Data Titik'!$B$16))*COS(RADIANS('Data Titik'!$B$3))*SIN(RADIANS(('Data Titik'!$C$3-'Data Titik'!$C$16)/2))^2)) -> 9.7980996 | D16: =6371*2*ASIN(SQRT(SIN(RADIANS(('Data Titik'!$B$4-'Data Titik'!$B$16)/2))^2 + COS(RADIANS('Data Titik'!$B$16))*COS(RADIANS('Data Titik'!$B$4))*SIN(RADIANS(('Data Titik'!$C$4-'Data Titik'!$C$16)/2))^2)) -> 8.7828034 | E16: =6371*2*ASIN(SQRT(SIN(RADIANS(('Data Titik'!$B$5-'Data Titik'!$B$16)/2))^2 + COS(RADIANS('Data Titik'!$B$16))*COS(RADIANS('Data Titik'!$B$5))*SIN(RADIANS(('Data Titik'!$C$5-'Data Titik'!$C$16)/2))^2)) -> 12.374401 | F16: =6371*2*ASIN(SQRT(SIN(RADIANS(('Data Titik'!$B$6-'Data Titik'!$B$16)/2))^2 + COS(RADIANS('Data Titik'!$B$16))*COS(RADIANS('Data Titik'!$B$6))*SIN(RADIANS(('Data Titik'!$C$6-'Data Titik'!$C$16)/2))^2)) -> 12.374401 | G16: =6371*2*ASIN(SQRT(SIN(RADIANS(('Data Titik'!$B$7-'Data Titik'!$B$16)/2))^2 + COS(RADIANS('Data Titik'!$B$16))*COS(RADIANS('Data Titik'!$B$7))*SIN(RADIANS(('Data Titik'!$C$7-'Data Titik'!$C$16)/2))^2)) -> 9.7980996 | H16: =6371*2*ASIN(SQRT(SIN(RADIANS(('Data Titik'!$B$8-'Data Titik'!$B$16)/2))^2 + COS(RADIANS('Data Titik'!$B$16))*COS(RADIANS('Data Titik'!$B$8))*SIN(RADIANS(('Data Titik'!$C$8-'Data Titik'!$C$16)/2))^2)) -> 8.0576981 | I16: =6371*2*ASIN(SQRT(SIN(RADIANS(('Data Titik'!$B$9-'Data Titik'!$B$16)/2))^2 + COS(RADIANS('Data Titik'!$B$16))*COS(RADIANS('Data Titik'!$B$9))*SIN(RADIANS(('Data Titik'!$C$9-'Data Titik'!$C$16)/2))^2)) -> 5.3943261 | J16: =6371*2*ASIN(SQRT(SIN(RADIANS(('Data Titik'!$B$10-'Data Titik'!$B$16)/2))^2 + COS(RADIANS('Data Titik'!$B$16))*COS(RADIANS('Data Titik'!$B$10))*SIN(RADIANS(('Data Titik'!$C$10-'Data Titik'!$C$16)/2))^2)) -> 8.9458969 | K16: =6371*2*ASIN(SQRT(SIN(RADIANS(('Data Titik'!$B$11-'Data Titik'!$B$16)/2))^2 + COS(RADIANS('Data Titik'!$B$16))*COS(RADIANS('Data Titik'!$B$11))*SIN(RADIANS(('Data Titik'!$C$11-'Data Titik'!$C$16)/2))^2)) -> 0.803645 | L16: =6371*2*ASIN(SQRT(SIN(RADIANS(('Data Titik'!$B$12-'Data Titik'!$B$16)/2))^2 + COS(RADIANS('Data Titik'!$B$16))*COS(RADIANS('Data Titik'!$B$12))*SIN(RADIANS(('Data Titik'!$C$12-'Data Titik'!$C$16)/2))^2)) -> 5.871087 | M16: =6371*2*ASIN(SQRT(SIN(RADIANS(('Data Titik'!$B$13-'Data Titik'!$B$16)/2))^2 + COS(RADIANS('Data Titik'!$B$16))*COS(RADIANS('Data Titik'!$B$13))*SIN(RADIANS(('Data Titik'!$C$13-'Data Titik'!$C$16)/2))^2)) -> 4.6693768 | N16: =6371*2*ASIN(SQRT(SIN(RADIANS(('Data Titik'!$B$14-'Data Titik'!$B$16)/2))^2 + COS(RADIANS('Data Titik'!$B$16))*COS(RADIANS('Data Titik'!$B$14))*SIN(RADIANS(('Data Titik'!$C$14-'Data Titik'!$C$16)/2))^2)) -> 5.834985 | O16: =6371*2*ASIN(SQRT(SIN(RADIANS(('Data Titik'!$B$15-'Data Titik'!$B$16)/2))^2 + COS(RADIANS('Data Titik'!$B$16))*COS(RADIANS('Data Titik'!$B$15))*SIN(RADIANS(('Data Titik'!$C$15-'Data Titik'!$C$16)/2))^2)) -> 6.7113479 | P16: =6371*2*ASIN(SQRT(SIN(RADIANS(('Data Titik'!$B$16-'Data Titik'!$B$16)/2))^2 + COS(RADIANS('Data Titik'!$B$16))*COS(RADIANS('Data Titik'!$B$16))*SIN(RADIANS(('Data Titik'!$C$16-'Data Titik'!$C$16)/2))^2)) -> 0 | Q16: =6371*2*ASIN(SQRT(SIN(RADIANS(('Data Titik'!$B$17-'Data Titik'!$B$16)/2))^2 + COS(RADIANS('Data Titik'!$B$16))*COS(RADIANS('Data Titik'!$B$17))*SIN(RADIANS(('Data Titik'!$C$17-'Data Titik'!$C$16)/2))^2)) -> 0
A17: P15 | B17: =6371*2*ASIN(SQRT(SIN(RADIANS(('Data Titik'!$B$2-'Data Titik'!$B$17)/2))^2 + COS(RADIANS('Data Titik'!$B$17))*COS(RADIANS('Data Titik'!$B$2))*SIN(RADIANS(('Data Titik'!$C$2-'Data Titik'!$C$17)/2))^2)) -> 11.917279 | C17: =6371*2*ASIN(SQRT(SIN(RADIANS(('Data Titik'!$B$3-'Data Titik'!$B$17)/2))^2 + COS(RADIANS('Data Titik'!$B$17))*COS(RADIANS('Data Titik'!$B$3))*SIN(RADIANS(('Data Titik'!$C$3-'Data Titik'!$C$17)/2))^2)) -> 9.7980996 | D17: =6371*2*ASIN(SQRT(SIN(RADIANS(('Data Titik'!$B$4-'Data Titik'!$B$17)/2))^2 + COS(RADIANS('Data Titik'!$B$17))*COS(RADIANS('Data Titik'!$B$4))*SIN(RADIANS(('Data Titik'!$C$4-'Data Titik'!$C$17)/2))^2)) -> 8.7828034 | E17: =6371*2*ASIN(SQRT(SIN(RADIANS(('Data Titik'!$B$5-'Data Titik'!$B$17)/2))^2 + COS(RADIANS('Data Titik'!$B$17))*COS(RADIANS('Data Titik'!$B$5))*SIN(RADIANS(('Data Titik'!$C$5-'Data Titik'!$C$17)/2))^2)) -> 12.374401 | F17: =6371*2*ASIN(SQRT(SIN(RADIANS(('Data Titik'!$B$6-'Data Titik'!$B$17)/2))^2 + COS(RADIANS('Data Titik'!$B$17))*COS(RADIANS('Data Titik'!$B$6))*SIN(RADIANS(('Data Titik'!$C$6-'Data Titik'!$C$17)/2))^2)) -> 12.374401 | G17: =6371*2*ASIN(SQRT(SIN(RADIANS(('Data Titik'!$B$7-'Data Titik'!$B$17)/2))^2 + COS(RADIANS('Data Titik'!$B$17))*COS(RADIANS('Data Titik'!$B$7))*SIN(RADIANS(('Data Titik'!$C$7-'Data Titik'!$C$17)/2))^2)) -> 9.7980996 | H17: =6371*2*ASIN(SQRT(SIN(RADIANS(('Data Titik'!$B$8-'Data Titik'!$B$17)/2))^2 + COS(RADIANS('Data Titik'!$B$17))*COS(RADIANS('Data Titik'!$B$8))*SIN(RADIANS(('Data Titik'!$C$8-'Data Titik'!$C$17)/2))^2)) -> 8.0576981 | I17: =6371*2*ASIN(SQRT(SIN(RADIANS(('Data Titik'!$B$9-'Data Titik'!$B$17)/2))^2 + COS(RADIANS('Data Titik'!$B$17))*COS(RADIANS('Data Titik'!$B$9))*SIN(RADIANS(('Data Titik'!$C$9-'Data Titik'!$C$17)/2))^2)) -> 5.3943261 | J17: =6371*2*ASIN(SQRT(SIN(RADIANS(('Data Titik'!$B$10-'Data Titik'!$B$17)/2))^2 + COS(RADIANS('Data Titik'!$B$17))*COS(RADIANS('Data Titik'!$B$10))*SIN(RADIANS(('Data Titik'!$C$10-'Data Titik'!$C$17)/2))^2)) -> 8.9458969 | K17: =6371*2*ASIN(SQRT(SIN(RADIANS(('Data Titik'!$B$11-'Data Titik'!$B$17)/2))^2 + COS(RADIANS('Data Titik'!$B$17))*COS(RADIANS('Data Titik'!$B$11))*SIN(RADIANS(('Data Titik'!$C$11-'Data Titik'!$C$17)/2))^2)) -> 0.803645 | L17: =6371*2*ASIN(SQRT(SIN(RADIANS(('Data Titik'!$B$12-'Data Titik'!$B$17)/2))^2 + COS(RADIANS('Data Titik'!$B$17))*COS(RADIANS('Data Titik'!$B$12))*SIN(RADIANS(('Data Titik'!$C$12-'Data Titik'!$C$17)/2))^2)) -> 5.871087 | M17: =6371*2*ASIN(SQRT(SIN(RADIANS(('Data Titik'!$B$13-'Data Titik'!$B$17)/2))^2 + COS(RADIANS('Data Titik'!$B$17))*COS(RADIANS('Data Titik'!$B$13))*SIN(RADIANS(('Data Titik'!$C$13-'Data Titik'!$C$17)/2))^2)) -> 4.6693768 | N17: =6371*2*ASIN(SQRT(SIN(RADIANS(('Data Titik'!$B$14-'Data Titik'!$B$17)/2))^2 + COS(RADIANS('Data Titik'!$B$17))*COS(RADIANS('Data Titik'!$B$14))*SIN(RADIANS(('Data Titik'!$C$14-'Data Titik'!$C$17)/2))^2)) -> 5.834985 | O17: =6371*2*ASIN(SQRT(SIN(RADIANS(('Data Titik'!$B$15-'Data Titik'!$B$17)/2))^2 + COS(RADIANS('Data Titik'!$B$17))*COS(RADIANS('Data Titik'!$B$15))*SIN(RADIANS(('Data Titik'!$C$15-'Data Titik'!$C$17)/2))^2)) -> 6.7113479 | P17: =6371*2*ASIN(SQRT(SIN(RADIANS(('Data Titik'!$B$16-'Data Titik'!$B$17)/2))^2 + COS(RADIANS('Data Titik'!$B$17))*COS(RADIANS('Data Titik'!$B$16))*SIN(RADIANS(('Data Titik'!$C$16-'Data Titik'!$C$17)/2))^2)) -> 0 | Q17: =6371*2*ASIN(SQRT(SIN(RADIANS(('Data Titik'!$B$17-'Data Titik'!$B$17)/2))^2 + COS(RADIANS('Data Titik'!$B$17))*COS(RADIANS('Data Titik'!$B$17))*SIN(RADIANS(('Data Titik'!$C$17-'Data Titik'!$C$17)/2))^2)) -> 0
